lat,lng,country
27.7167,85.3667,Nepal
28.2097,83.9853,Nepal
27.6666,85.3333,Nepal
26.4833,87.2833,Nepal
27.6833,84.4333,Nepal
27,84.8667,Nepal
27.7,83.45,Nepal
26.8167,87.2667,Nepal
28.6833,80.6,Nepal
26.7122,85.9217,Nepal
27.4167,85.0333,Nepal
27.6667,85.2833,Nepal
28.6,81.6333,Nepal
28.8755,80.5776,Nepal
27.6722,85.4278,Nepal
26.6667,87.2833,Nepal
28.05,81.6167,Nepal
27.5,83.45,Nepal
28.5,81.1333,Nepal
28.2331,81.3331,Nepal
28.1278,82.2956,Nepal
26.5394,86.7483,Nepal
26.6528,86.2069,Nepal
27.8667,83.55,Nepal
27.5833,85.5167,Nepal
27.89,85.1597,Nepal
27.3667,87.2167,Nepal
26.8667,85.5667,Nepal
26.6333,85.8,Nepal
28.2667,83.5833,Nepal
29.3,80.6,Nepal
26.908,87.926,Nepal
28.35,82.1833,Nepal
27.326,86.087,Nepal
27.551,85.13,Nepal
27.6667,86.0333,Nepal
26.9333,85.5833,Nepal
29.25,82.2167,Nepal
28.1473,84.7079,Nepal
27.7239,85.8182,Nepal
28.1927,84.8645,Nepal
27.91,85.6501,Nepal
27.7278,85.9185,Nepal
27.5458,85.5502,Nepal
28.002,85.2694,Nepal
27.6659,85.7483,Nepal
27.8549,85.5572,Nepal
27.7307,85.7304,Nepal
27.6733,85.6878,Nepal
27.9528,85.7219,Nepal
27.9903,84.7097,Nepal
27.7579,84.8874,Nepal
27.6364,85.5029,Nepal
27.8741,85.3069,Nepal
28.4282,87.3382,Nepal
27.9938,85.437,Nepal
27.8732,85.762,Nepal
27.5667,85.8384,Nepal
27.7719,85.8701,Nepal
28.0438,85.4854,Nepal
28.0049,85.5638,Nepal
28.1513,84.6587,Nepal
28.1078,85.0726,Nepal
27.7476,85.89,Nepal
27.5843,85.6622,Nepal
27.9087,85.6175,Nepal
28.2621,85.7739,Nepal
27.6781,85.3739,Nepal
27.5632,85.7583,Nepal
27.732,85.7266,Nepal
27.5606,86.0062,Nepal
27.8052,84.8744,Nepal
27.5598,85.9359,Nepal
28.156,84.6095,Nepal
27.4563,85.536,Nepal
27.8362,84.6866,Nepal
27.782,85.9971,Nepal
27.707,85.8284,Nepal
27.7189,85.929,Nepal
27.591,85.6782,Nepal
27.8449,85.6858,Nepal
27.7571,85.3745,Nepal
27.532,85.7493,Nepal
28.1203,84.6702,Nepal
27.7612,85.7704,Nepal
28.0627,84.7757,Nepal
27.9696,85.7964,Nepal
27.4597,85.6194,Nepal
27.6727,85.0727,Nepal
27.824,85.9208,Nepal
27.6385,85.0551,Nepal
28.0036,84.7534,Nepal
27.7555,85.6771,Nepal
27.8836,85.1996,Nepal
27.8566,85.4211,Nepal
27.8505,85.6739,Nepal
28.4134,87.2704,Nepal
27.9232,84.6177,Nepal
28.2745,84.6212,Nepal
27.6897,85.9226,Nepal
27.63150278,85.45930556,Nepal
27.643675,85.43298056,Nepal
27.653325,85.39146389,Nepal
27.66223611,85.36988333,Nepal
27.66820278,85.42755833,Nepal
27.66902778,85.42667222,Nepal
27.67052222,85.48069722,Nepal
27.67133333,85.41781389,Nepal
27.67145556,85.42478611,Nepal
27.67346389,85.43873056,Nepal
27.67604167,85.38371389,Nepal
27.67851944,85.42921944,Nepal
27.68301111,85.38718889,Nepal
27.68711389,85.427075,Nepal
27.69101389,85.49076944,Nepal
27.69158889,85.38718889,Nepal
27.70132222,85.46961667,Nepal
27.71099167,85.48740278,Nepal
27.71573611,85.426825,Nepal
27.79895833,85.48382222,Nepal
27.83658056,85.06113611,Nepal
27.85134722,85.14744167,Nepal
27.86250833,85.3371,Nepal
27.86394444,85.01380556,Nepal
27.86980833,85.04543056,Nepal
27.88296667,85.19945833,Nepal
27.88627778,85.09522222,Nepal
27.89410556,85.14811944,Nepal
27.90465,85.1891,Nepal
27.91383611,85.329775,Nepal
27.91657222,85.41993056,Nepal
27.9231,85.13970278,Nepal
27.92356667,85.14996944,Nepal
27.950525,85.22188611,Nepal
27.95080833,85.180675,Nepal
27.95883056,85.14646111,Nepal
27.97499722,85.27251944,Nepal
27.97499722,85.27251944,Nepal
27.97893611,85.18426389,Nepal
27.98244444,85.22828056,Nepal
27.98506389,85.21004722,Nepal
27.98507778,85.21004167,Nepal
27.98967222,85.10172778,Nepal
27.99378333,85.22423056,Nepal
27.997725,85.20602222,Nepal
28.00476944,85.24906111,Nepal
28.00615833,85.27161111,Nepal
28.01292222,85.19449167,Nepal
28.02540833,85.1733,Nepal
28.03792222,85.18553333,Nepal
28.03945556,85.21987778,Nepal
28.11128611,85.29915833,Nepal
28.16276111,85.2653,Nepal
28.16466111,85.34281389,Nepal
28.16816389,85.29661667,Nepal
41.8931,12.4828,Italy
45.4669,9.19,Italy
40.8333,14.25,Italy
45.0667,7.7,Italy
38.1157,13.3613,Italy
44.4072,8.934,Italy
44.4939,11.3428,Italy
43.7714,11.2542,Italy
41.1253,16.8667,Italy
37.5027,15.0873,Italy
45.4397,12.3319,Italy
45.4386,10.9928,Italy
38.1936,15.5542,Italy
45.4064,11.8778,Italy
45.6503,13.7703,Italy
40.4181,17.2408,Italy
45.5389,10.2203,Italy
44.8015,10.328,Italy
43.8808,11.0966,Italy
44.6458,10.9257,Italy
38.1144,15.65,Italy
44.7,10.6333,Italy
43.1121,12.3888,Italy
44.4178,12.1994,Italy
43.55,10.3167,Italy
39.2167,9.1167,Italy
41.4584,15.5519,Italy
44.0594,12.5683,Italy
40.6806,14.7597,Italy
44.8353,11.6199,Italy
41.4676,12.9037,Italy
40.9319,14.1956,Italy
45.5836,9.2736,Italy
37.0692,15.2875,Italy
45.695,9.67,Italy
42.4643,14.2142,Italy
46.0667,11.1167,Italy
44.2225,12.0408,Italy
40.7267,8.5592,Italy
45.55,11.55,Italy
42.5667,12.65,Italy
46.5,11.35,Italy
45.45,8.6167,Italy
45.05,9.7,Italy
43.6167,13.5167,Italy
41.2317,16.3083,Italy
46.0667,13.2333,Italy
43.4631,11.8781,Italy
44.1333,12.2333,Italy
40.352,18.1691,Italy
43.9102,12.9133,Italy
41.3167,16.2833,Italy
44.9133,8.62,Italy
44.108,9.8289,Italy
43.9333,10.9167,Italy
43.7167,10.4,Italy
38.91,16.5875,Italy
45.4906,12.2381,Italy
43.85,10.5167,Italy
40.6383,17.9458,Italy
40.7853,14.3953,Italy
45.6722,12.2422,Italy
45.612,8.8518,Italy
45.8103,9.0861,Italy
37.7981,12.4342,Italy
42.7722,11.1089,Italy
45.5333,9.2333,Italy
40.8231,14.1222,Italy
45.8167,8.8333,Italy
41.7667,12.2333,Italy
40.9,14.3,Italy
44.9,8.2069,Italy
45.55,9.2167,Italy
41.0667,14.3333,Italy
37.0667,14.25,Italy
36.925,14.7306,Italy
45.1853,9.155,Italy
45.1333,10.0333,Italy
44.7833,10.885,Italy
39.2291,9.2649,Italy
40.8167,16.55,Italy
44.3531,11.7147,Italy
42.354,13.392,Italy
44.0333,10.1333,Italy
38.0175,12.515,Italy
42.4186,12.1042,Italy
39.3,16.25,Italy
40.6333,15.8,Italy
40.7,14.4833,Italy
40.9167,14.3167,Italy
36.95,14.5333,Italy
39.0833,17.1167,Italy
41.6693,12.5021,Italy
45.3167,8.8667,Italy
44.0833,10.1,Italy
37.4915,14.0624,Italy
43.8672,10.2506,Italy
41.1256,14.7811,Italy
43.8435,13.0198,Italy
44.308,8.481,Italy
40.6667,16.6,Italy
40.9167,9.5,Italy
45.5781,8.9183,Italy
40.95,14.3667,Italy
40.9,14.1833,Italy
41.2,16.6,Italy
37.3111,13.5765,Italy
44.2856,11.8833,Italy
41.2667,15.9,Italy
45,7.6833,Italy
42.9561,12.7033,Italy
41.6333,15.9167,Italy
41.9667,12.8,Italy
44.3833,7.55,Italy
41.2667,16.4167,Italy
41.2409,16.5021,Italy
41.1083,16.6917,Italy
38.0833,13.5,Italy
40.8197,14.3411,Italy
36.8672,14.7614,Italy
43.8175,7.775,Italy
42.6589,13.7039,Italy
42.5119,14.1373,Italy
40.9153,14.7897,Italy
43.3183,11.3314,Italy
45.6649,8.7914,Italy
41.6667,12.7833,Italy
40.7008,14.7056,Italy
41.6951,15.3793,Italy
40.973,14.2065,Italy
40.8068,14.3526,Italy
41.4472,12.6283,Italy
37.6125,15.1656,Italy
42.1,11.8,Italy
37.6517,12.5875,Italy
45.0809,11.794,Italy
45.9626,12.6563,Italy
40.6167,14.9833,Italy
45.5333,9.0333,Italy
42.3511,14.1674,Italy
40.7536,14.5253,Italy
43.7544,11.1894,Italy
37.5183,15.0069,Italy
41.4667,12.6667,Italy
41.6167,12.55,Italy
45.0833,7.5833,Italy
45.2189,12.2785,Italy
45.1564,10.7911,Italy
41.561,14.6684,Italy
40.9167,14.35,Italy
43.8333,11.2,Italy
40.95,17.3,Italy
40.7,17.3333,Italy
42.8547,13.5753,Italy
45.0725,7.5272,Italy
43.7167,10.95,Italy
41.15,16.4,Italy
45.85,9.4,Italy
37.5667,14.9,Italy
45,7.65,Italy
45.5286,9.2783,Italy
42.4044,12.8567,Italy
42.9438,13.8833,Italy
45.1333,7.7667,Italy
45.5667,9.1667,Italy
43.8256,11.1333,Italy
41.2833,13.25,Italy
45.3167,8.4167,Italy
43.8756,10.5736,Italy
41.6333,13.35,Italy
40.75,14.6333,Italy
45.6167,9.25,Italy
37.9667,12.9667,Italy
45.3167,9.5,Italy
43.68,10.5003,Italy
45.65,9.2,Italy
40.8333,14.3333,Italy
43.7131,13.2183,Italy
41.7667,12.6667,Italy
45.5664,8.0533,Italy
40.56,8.315,Italy
40.8206,16.4233,Italy
45.7686,11.7367,Italy
45.3833,9.15,Italy
40.7569,14.4444,Italy
43.3068,13.7286,Italy
43.8865,8.0297,Italy
42.031,13.4264,Italy
45.6167,9.2167,Italy
45.6298,12.5641,Italy
43.3003,13.4533,Italy
41.9544,12.0742,Italy
38.15,15.2167,Italy
41.7333,12.6667,Italy
42.05,12.6167,Italy
44.5517,10.7856,Italy
37.5092,13.0889,Italy
46.6689,11.1639,Italy
39.6,16.5167,Italy
43.5228,13.2439,Italy
40.6169,15.0564,Italy
45.7333,9.1333,Italy
45.8833,11.0342,Italy
40.9167,14.4,Italy
41.0333,14.3,Italy
41.35,13.4167,Italy
40.8333,17.3667,Italy
43.4574,12.2403,Italy
45.6255,9.037,Italy
44.9925,9.0092,Italy
45.7111,11.3556,Italy
38.0817,13.2889,Italy
41.0333,14.3833,Italy
38.1333,13.1833,Italy
41.8,12.6,Italy
45.6272,9.1472,Italy
45.4375,12.1329,Italy
41.0833,16.7833,Italy
45.4,9.2833,Italy
37.2333,14.5167,Italy
41.2564,13.6069,Italy
42,12.1,Italy
42.7333,12.7333,Italy
40.9167,14.2333,Italy
40.95,14.3,Italy
45.0689,7.5786,Italy
43.1604,13.7181,Italy
37.1083,13.9469,Italy
41.6,12.8333,Italy
45.0131,7.8228,Italy
45.5,9.3333,Italy
39.5667,16.6333,Italy
40.3201,9.3281,Italy
41.4917,13.8333,Italy
45.55,9.1167,Italy
44.4833,11.2833,Italy
40.5314,17.5858,Italy
44.8833,7.3333,Italy
37.2303,15.2194,Italy
39.3333,16.1833,Italy
37.36,13.8511,Italy
46.1408,12.2156,Italy
37.6625,14.8356,Italy
44.7333,11.2833,Italy
45.49,9.2953,Italy
45.5972,9.13,Italy
45.8872,12.2969,Italy
43.4861,13.4821,Italy
44,12.65,Italy
42.2312,14.3905,Italy
40.9094,14.2098,Italy
40.8725,14.4369,Italy
45.5508,9.3011,Italy
45.4333,9.1167,Italy
45.9352,13.6193,Italy
44.5739,10.8478,Italy
45.5167,9.3333,Italy
45.3667,9.6833,Italy
40.9153,14.2681,Italy
40.7431,14.5694,Italy
45.7372,7.3206,Italy
45.1342,8.4583,Italy
40.9422,14.2348,Italy
42.9348,10.5221,Italy
38.6753,16.0959,Italy
42.0028,14.9947,Italy
45.1167,7.6333,Italy
45.6667,11.9333,Italy
45.35,10.85,Italy
41.5,15.3333,Italy
44.5967,11.0528,Italy
41.0833,14.25,Italy
40.5833,17.1167,Italy
45.4009,8.9185,Italy
45.4167,9.2667,Italy
44.4716,11.4049,Italy
43.9333,10.3,Italy
37.3186,13.6631,Italy
37.5667,15.05,Italy
40.5333,17.4333,Italy
40.9417,14.2722,Italy
38.05,13.1167,Italy
43.3518,12.5773,Italy
39.9058,8.5916,Italy
40.8167,14.6167,Italy
40.8333,14.5,Italy
37.6786,12.7917,Italy
44.6915,8.0256,Italy
43.7625,10.4414,Italy
40.1797,18.0333,Italy
36.9167,15.1333,Italy
45.7753,12.0389,Italy
38.217,15.237,Italy
40.9167,14.2,Italy
40.7322,17.5778,Italy
40.4028,17.6342,Italy
43.4,10.4667,Italy
43.3386,12.9085,Italy
45.9228,8.5519,Italy
40.9333,14.45,Italy
41.2167,16.0667,Italy
36.95,14.6,Italy
45.5214,9.5928,Italy
44.35,9.2333,Italy
44.7,7.85,Italy
37.6,15.15,Italy
38.0333,13.45,Italy
43.6625,10.6328,Italy
43.4667,11.15,Italy
39.2537,9.1606,Italy
45.4689,10.535,Italy
44.85,7.7167,Italy
40.6957,14.5154,Italy
41.1,13.8833,Italy
41.7264,13.3422,Italy
44.25,12.3667,Italy
45.9833,12.3,Italy
43.07,12.6175,Italy
39.1668,8.522,Italy
44.7592,8.7856,Italy
44.6408,11.185,Italy
37.5833,14.9833,Italy
43.3139,10.525,Italy
43.6833,10.85,Italy
40.775,14.475,Italy
45.4931,12.1606,Italy
45.5619,12.2364,Italy
45.5583,8.9477,Italy
40.8667,14.4,Italy
38.0375,12.5875,Italy
40.8,16.9333,Italy
37.7297,15.1844,Italy
44.3164,9.3237,Italy
44.8942,8.8656,Italy
37.5667,14.2667,Italy
41.0667,16.9167,Italy
41.7,15.7333,Italy
45.5,12.1,Italy
45.5771,9.0814,Italy
41.1333,16.55,Italy
36.7914,14.7025,Italy
37.15,14.3833,Italy
39.2897,9.0048,Italy
44.8667,10.0667,Italy
40.1667,18.1667,Italy
40.5667,17.8,Italy
39.3103,8.5372,Italy
45.1833,7.8833,Italy
40.8492,17.1225,Italy
40.8,16.7667,Italy
43.8475,10.9833,Italy
40.8,14.0833,Italy
43.2586,13.7585,Italy
41.0333,16.9833,Italy
45.5333,9.1833,Italy
40.65,14.8833,Italy
45.5331,12.6448,Italy
40.9667,17.1167,Italy
45.6167,9.3667,Italy
45.35,11.8667,Italy
43.6296,13.3968,Italy
37.9833,13.7,Italy
45.65,11.3,Italy
41.7167,13.6167,Italy
44.2012,12.4007,Italy
45.7,9.2167,Italy
41.05,13.9167,Italy
45.5667,9.0333,Italy
44.5925,10.6878,Italy
40.9167,14.15,Italy
45.4161,10.3917,Italy
44.7717,10.7806,Italy
42.4181,14.2919,Italy
45.5203,11.3397,Italy
42.6833,14.0167,Italy
43.75,11.3167,Italy
41.0667,17.0833,Italy
45.6847,9.7178,Italy
45.3833,11.0333,Italy
41.1173,16.4837,Italy
44.4808,11.0022,Italy
45.1929,11.3115,Italy
40.75,14.5,Italy
45.7833,12.8333,Italy
45.7,9.1833,Italy
41.5,13.0667,Italy
43.5234,11.5679,Italy
44.55,7.7333,Italy
40.7417,14.6722,Italy
45.7072,11.4786,Italy
42.048,13.9262,Italy
40.2667,18.05,Italy
43.7903,7.6083,Italy
44.0491,8.213,Italy
36.8833,15.0833,Italy
37.6453,14.8636,Italy
45.4603,8.8766,Italy
41.7022,12.6925,Italy
42.7525,13.9567,Italy
40.85,14.4775,Italy
43.9452,10.2183,Italy
44.8873,11.066,Italy
39.1752,8.9709,Italy
45.6,9.2333,Italy
45.4,10.5,Italy
37.2833,15,Italy
45.65,9.6,Italy
45.6667,9.1667,Italy
45.6474,9.1387,Italy
45.4622,7.8747,Italy
37.5833,15.1,Italy
41.5667,13.3333,Italy
45,7.5333,Italy
45.5833,9.2,Italy
45.5037,11.412,Italy
43.7333,10.8,Italy
42.0337,12.6444,Italy
42.3557,14.4036,Italy
45.45,11.9833,Italy
45.3833,11.7833,Italy
37.0833,15.15,Italy
37.1936,13.7658,Italy
40.9362,14.2993,Italy
37.4833,13.9833,Italy
41.8167,12.6833,Italy
41.1528,15.0889,Italy
44.3833,7.8167,Italy
43.8667,10.3333,Italy
40.5,16.75,Italy
40.8369,8.4014,Italy
40.7833,14.7667,Italy
36.7167,15.1,Italy
44.7,12.1833,Italy
44.0633,12.4466,Italy
44.1136,9.96,Italy
43.2756,11.9881,Italy
39.8167,16.2,Italy
46.7167,11.65,Italy
40.8,14.55,Italy
45.6667,12.15,Italy
40.3583,14.9833,Italy
41.8333,12.9,Italy
37.3833,14.3667,Italy
45.7,8.4667,Italy
41.6028,14.2397,Italy
43.4225,11.1267,Italy
46.1697,9.87,Italy
44.65,7.6333,Italy
44.6131,11.8364,Italy
45.5467,12.1575,Italy
45.5833,9.1333,Italy
41.05,16.7,Italy
41.0108,14.1319,Italy
43.129,12.2877,Italy
41.75,13.15,Italy
45.4,11.2833,Italy
41.7287,13.0031,Italy
46.0667,11.2333,Italy
42.9189,10.7614,Italy
41.2333,13.9333,Italy
36.8167,14.95,Italy
43.3986,13.5525,Italy
44.9927,10.7494,Italy
43.8667,10.8167,Italy
41.6833,13.25,Italy
39.2994,9.0918,Italy
45.4333,9.0667,Italy
40.6667,14.4333,Italy
44.3978,11.5894,Italy
46.0167,11.9,Italy
43.775,11.4375,Italy
40.9,16.85,Italy
45.4333,8.7333,Italy
40.0556,17.9917,Italy
41.2167,13.5667,Italy
43.8828,10.7711,Italy
41.2998,13.0248,Italy
45.5,9.0333,Italy
45.5333,9.4,Italy
45.5167,9.75,Italy
45.7808,12.4928,Italy
41.8,12.6667,Italy
39.5,16.3833,Italy
41.6833,13.4167,Italy
41.1833,16.6667,Italy
43.7667,11.1,Italy
42.7167,12.1,Italy
39.4,16.15,Italy
45.0333,7.5333,Italy
42.0455,14.7315,Italy
45.6486,11.7836,Italy
45.4667,10.85,Italy
40.75,13.95,Italy
45.3619,11.7924,Italy
38.4333,15.9,Italy
40.0167,18.1667,Italy
38.0833,13.45,Italy
44.9267,10.52,Italy
45.6,9.8833,Italy
45.55,9.1667,Italy
45.5333,9.1333,Italy
45.9541,12.5027,Italy
45.2977,12.0368,Italy
40.9762,14.1773,Italy
40.65,17.5167,Italy
41.2667,13.75,Italy
40.95,16.9167,Italy
39.2568,9.1387,Italy
44.8167,9.9833,Italy
40.7333,14.55,Italy
44.6761,8.4686,Italy
43.9017,10.6898,Italy
40.8838,17.1679,Italy
36.7303,14.8467,Italy
45.05,12.05,Italy
42.0883,12.2775,Italy
43.2086,13.2841,Italy
42.455,14.1399,Italy
45.5531,9.0775,Italy
42.5167,12.5167,Italy
44.5898,10.7394,Italy
45.5642,9.9997,Italy
42.1,12.1833,Italy
40.8,17.1333,Italy
40.6556,17.7036,Italy
45.5333,9.5167,Italy
45.1039,7.7536,Italy
37.8,14.8333,Italy
45.5197,9.8833,Italy
44.4883,11.2181,Italy
42.0333,11.85,Italy
43.7833,11.1,Italy
45.7,8.9167,Italy
41.7167,12.6667,Italy
45.5719,12.1089,Italy
37.4994,13.265,Italy
45.014,8.6458,Italy
45.55,9.1833,Italy
43.9278,11.04,Italy
45.402,10.2803,Italy
42.9167,12.3333,Italy
45.2333,7.6,Italy
38.3667,15.85,Italy
43.4642,13.5461,Italy
40.9333,16.9,Italy
40.8,14.5,Italy
37.55,15.15,Italy
45.5,9.4167,Italy
44.5374,11.5344,Italy
43.9555,11.3856,Italy
44.5778,11.3617,Italy
44.2733,9.3932,Italy
44.9833,7.4667,Italy
45.4667,8.9167,Italy
41.1056,14.2139,Italy
39.7839,16.3189,Italy
46.1161,8.2911,Italy
38.2667,16.3,Italy
40.8667,14.55,Italy
45.9833,12.7,Italy
45.3667,9.3167,Italy
37.6059,15.126,Italy
37.5,14.3833,Italy
40.9961,17.2203,Italy
40.8667,14.35,Italy
46.4276,11.3405,Italy
45.6833,9.2333,Italy
41.05,16.8833,Italy
40.9333,14.2667,Italy
41.8333,12.8333,Italy
45.6833,8.7,Italy
45.6333,9.3167,Italy
43.8567,11.1636,Italy
45.7606,9.7969,Italy
45.7333,12.2333,Italy
40.9964,15.6558,Italy
45.0228,7.5878,Italy
40.7333,13.85,Italy
38.9667,17.1,Italy
43.9,11,Italy
45.5089,12.0363,Italy
44.0881,12.3933,Italy
37.2833,15.0167,Italy
45.9167,10.8833,Italy
45.4333,10.8333,Italy
40.2,16.6667,Italy
41.3308,15.7114,Italy
40.3833,16.55,Italy
44.5256,10.8664,Italy
45.2333,11.75,Italy
39.3026,9.2031,Italy
39.9333,18.3667,Italy
44.3833,11.3333,Italy
45.5543,12.2994,Italy
44.3327,10.8331,Italy
45.4667,8.9833,Italy
43.6108,10.97,Italy
45.4833,10.8667,Italy
41.7667,12.7167,Italy
43.9584,12.7386,Italy
45.55,8.9833,Italy
43.6569,11.1858,Italy
40.6666,15.1064,Italy
43.2295,13.6861,Italy
40.7072,17.6594,Italy
44.5392,10.8117,Italy
45.5333,10.9333,Italy
41.6833,15.2833,Italy
40.6333,16.9333,Italy
39.2642,16.7003,Italy
40.75,14.78,Italy
45.5139,9.2844,Italy
41,16.8667,Italy
44.6453,7.4906,Italy
45.6,12.2333,Italy
45.6167,9.15,Italy
37.3,14.85,Italy
43.5644,11.5328,Italy
45.1,7.5167,Italy
45.8,8.8833,Italy
45.6833,12.0167,Italy
44.4169,11.9761,Italy
44.4833,11.6333,Italy
45.0333,7.35,Italy
37.2944,13.5272,Italy
43.6,10.4833,Italy
45.6,10.15,Italy
37.3333,14.75,Italy
44.4667,8.1167,Italy
42.7833,12.4167,Italy
46.7994,11.9343,Italy
43.6833,11.5333,Italy
43.3056,12.3366,Italy
45.1894,11.2166,Italy
45.3833,11.3833,Italy
45.4333,11.7833,Italy
40.6278,14.3736,Italy
45.1836,7.7153,Italy
40.9224,14.4239,Italy
45.2333,11.6667,Italy
36.7853,14.9069,Italy
44.9,11.8333,Italy
42.2492,11.7561,Italy
42.2961,12.41,Italy
45.4978,9.6431,Italy
40.9167,14.5167,Italy
45.45,11.9333,Italy
42.9891,13.8681,Italy
45.9614,12.9774,Italy
40.9556,14.2708,Italy
40.5833,17.05,Italy
45.25,11.1333,Italy
40.4003,17.5667,Italy
41.7833,12.9167,Italy
43.1848,13.7955,Italy
43.5478,11.0411,Italy
45.6167,8.7833,Italy
45.5501,12.0709,Italy
42.8851,13.916,Italy
44.6777,11.043,Italy
45.16,9.705,Italy
45.6833,9.1167,Italy
43.5756,12.1439,Italy
40.6333,17.0333,Italy
43.3663,13.6203,Italy
45.8833,12.7167,Italy
39.3667,16.0333,Italy
42.55,14.1167,Italy
42.1667,12.6,Italy
45.4833,8.7,Italy
41.05,16.9167,Italy
45.5897,9.3359,Italy
44.6167,11.6667,Italy
44.8319,11.2957,Italy
45.7,9.2833,Italy
43.8167,10.6747,Italy
41.8167,12.8,Italy
40.15,18.0667,Italy
45.5783,9.3522,Italy
43.6167,10.6333,Italy
38.35,16.0167,Italy
45.55,9.3333,Italy
45.4167,11.1,Italy
43.1271,12.0452,Italy
45.2,7.7833,Italy
44.9858,10.4147,Italy
45.35,10.7333,Italy
44.5097,11.4706,Italy
45.25,8.75,Italy
43.2482,13.5075,Italy
44.5139,10.7339,Italy
45.1042,7.55,Italy
44.7381,10.9245,Italy
45.8781,8.4069,Italy
45.1778,9.65,Italy
44.9333,9.9,Italy
41.8333,15.5667,Italy
45.6,8.95,Italy
38.0192,12.8858,Italy
40.6333,16.8,Italy
40.4,18.1333,Italy
40.45,17.3667,Italy
45.9153,12.8556,Italy
45.3728,11.1303,Italy
44.5519,10.9358,Italy
42.5167,14.05,Italy
44.9214,10.6542,Italy
45.4249,12.0758,Italy
43.2333,12.7833,Italy
42.6167,14.0667,Italy
41.4083,13.0443,Italy
44.4,11.25,Italy
45.7,9.4333,Italy
45.6582,11.4047,Italy
44.65,10.7833,Italy
40.7983,8.5772,Italy
43.15,12.2,Italy
45.4,10.85,Italy
39.3667,17.1167,Italy
38.485,15.9797,Italy
40.8833,16.7667,Italy
42.4394,11.2125,Italy
43.5997,13.3257,Italy
45.5553,10.0733,Italy
45.5,11.9167,Italy
43.8103,11.0149,Italy
43.7833,10.9167,Italy
41.35,16.1,Italy
44.7527,10.2157,Italy
45.5667,8.1667,Italy
43.7202,10.7727,Italy
37.7333,15.2,Italy
43.6854,11.2544,Italy
37.6167,15.0667,Italy
40.9575,14.2492,Italy
45.6246,12.3766,Italy
43.7252,12.6372,Italy
40.4,18.0667,Italy
45.7167,11.7667,Italy
46,8.75,Italy
40.5333,17.7167,Italy
41.4667,13.1833,Italy
45.6167,8.9,Italy
45.3703,10.2167,Italy
37.7578,15.1958,Italy
38.0395,14.0221,Italy
45.0167,12.2167,Italy
40.6167,14.35,Italy
43.7517,13.0956,Italy
43.7333,11.0167,Italy
44.8894,11.4154,Italy
40.1167,18.3,Italy
40.75,17.3167,Italy
45.6167,8.95,Italy
45.615,9.0839,Italy
43.8,11.3,Italy
40.2833,18.0833,Italy
45.6,8.6333,Italy
40.9333,14.25,Italy
41.7333,12.9167,Italy
40.9015,9.1044,Italy
45.7456,11.6553,Italy
40.4333,18.05,Italy
42.3106,12.0792,Italy
39.4578,8.7424,Italy
41.0333,14.4833,Italy
43.8439,7.8509,Italy
43.1,11.7833,Italy
39.1333,16.0667,Italy
45.6053,9.3033,Italy
40.7667,14.8,Italy
45.7569,8.56,Italy
45.1833,7.65,Italy
40.3333,17.9667,Italy
41.8833,16.1667,Italy
45.524,10.0797,Italy
40.3333,18.1,Italy
42.2167,12.7333,Italy
45.8231,13.335,Italy
45.8,9.4333,Italy
45.3833,9.2167,Italy
45.5478,8.8867,Italy
45.5167,9.3667,Italy
41.3,16.0667,Italy
40.5667,17.2,Italy
45.6333,11.55,Italy
45.137,12.0817,Italy
40.7833,14.7,Italy
45.0591,9.4342,Italy
41.0801,9.388,Italy
44.85,10.7333,Italy
40.6,17.2333,Italy
38.2167,15.6333,Italy
45.7317,9.7283,Italy
37.75,14.4,Italy
41.7117,15.635,Italy
41.6833,12.7,Italy
45.515,10.3175,Italy
40.4833,18.05,Italy
37.1833,15.1167,Italy
41.0667,14.6333,Italy
44.7167,11.15,Italy
42.5333,12.0333,Italy
43.65,11.0833,Italy
45.7833,13,Italy
41.7333,12.8333,Italy
45.6,9.1667,Italy
41.05,15.8,Italy
43.9667,12.7,Italy
43.7,10.75,Italy
45.65,10.2,Italy
38.15,14.7333,Italy
44.1833,12.1333,Italy
37.2167,14.6333,Italy
38.1333,14.9667,Italy
40.9167,15.6667,Italy
39.2529,9.1762,Italy
43.3439,11.9189,Italy
44.5639,11.2719,Italy
44.6333,10.4667,Italy
45.2389,9.4097,Italy
42.0667,12.7667,Italy
41.7846,15.4436,Italy
44.3979,8.2778,Italy
45.4333,10.7667,Italy
41.4626,13.6676,Italy
45.3833,12.0667,Italy
44.36,8.5766,Italy
45.6508,9.6528,Italy
45.6,13.7667,Italy
45.3667,10.1333,Italy
37.65,14.4,Italy
45.6557,11.8594,Italy
38.0923,13.4639,Italy
42.0833,12.4,Italy
43.7,10.6833,Italy
45.6983,9.3117,Italy
45.5988,12.3243,Italy
43.0667,10.6167,Italy
45.45,11.8833,Italy
40.6333,14.4111,Italy
45.6867,12.3815,Italy
44,10.2333,Italy
37.3667,14.2,Italy
45.3654,10.4323,Italy
44.8167,10.1833,Italy
45.5833,12.05,Italy
45.5333,12.1167,Italy
40.9667,14.5333,Italy
45.4581,10.4146,Italy
45.55,11.2833,Italy
43.2332,13.6322,Italy
45.7333,12.6833,Italy
38.4673,14.9554,Italy
45.6862,11.7042,Italy
40.3102,18.2022,Italy
43.4403,13.6074,Italy
44.5333,11.0167,Italy
40.8,14.05,Italy
41.0167,16.7,Italy
41.6333,13.5167,Italy
40.0472,15.8358,Italy
40.7,14.9833,Italy
42.9203,13.8355,Italy
45.43,10.1854,Italy
45.7169,8.2764,Italy
37.2333,14.8833,Italy
37.4047,13.5339,Italy
43.6167,11.4667,Italy
40.4,15.6,Italy
45.2981,10.475,Italy
44.3122,9.3417,Italy
43.4299,13.6649,Italy
45.0794,7.3961,Italy
43.6835,10.6165,Italy
45.5667,8.9333,Italy
43.2167,11.7333,Italy
45.3333,7.7167,Italy
38.15,13.0833,Italy
45.9667,12.5667,Italy
45.6667,8.8667,Italy
44.3333,7.4833,Italy
37.6078,12.9686,Italy
40.8333,14.85,Italy
43.2289,13.1771,Italy
40.4167,16.6833,Italy
45.6333,8.8833,Italy
45.4,9.9333,Italy
44.7,11.4,Italy
39.9333,18.1667,Italy
46.1333,9.5667,Italy
38.0667,14.6333,Italy
40.9231,14.7428,Italy
38.2333,16.2667,Italy
45.4583,12.008,Italy
41.7,15.9667,Italy
41.0833,14.2833,Italy
44.5472,11.1956,Italy
44.3764,12.0334,Italy
41.25,14.0667,Italy
40.9833,14.2333,Italy
43.5531,11.5894,Italy
46.6167,11.1667,Italy
45.5833,12.6833,Italy
38.1667,13.1,Italy
45.4833,8.9667,Italy
45.0579,9.5489,Italy
45.5875,10.4389,Italy
37.5,14.9667,Italy
41.0096,14.0741,Italy
40.9,14.1833,Italy
43.6975,11.8144,Italy
45.6306,9.2744,Italy
46.1114,12.9017,Italy
45.7833,12.25,Italy
41.8081,12.7372,Italy
45.6,9.5167,Italy
43.7833,10.3833,Italy
40.3461,18.0461,Italy
41.7833,12.7667,Italy
45.8833,12.1667,Italy
45.5667,11.9333,Italy
44.5542,11.4439,Italy
45.5164,11.4597,Italy
41.0333,16.75,Italy
45.5167,9.1,Italy
45.5,8.9333,Italy
44.9216,11.5812,Italy
45.6167,11.35,Italy
39.9833,18.0833,Italy
45.8333,13.5,Italy
42.8167,10.3167,Italy
44.5061,12.0411,Italy
40.3047,18.2228,Italy
40.8928,14.7194,Italy
45.15,7.65,Italy
44.1,12.4167,Italy
40.8667,14.5333,Italy
40.7167,14.9333,Italy
37.1667,15.1833,Italy
37.5667,15.1167,Italy
37.3,14.2,Italy
45.85,12.25,Italy
42.5535,12.4168,Italy
45.7636,12.9953,Italy
45.5209,10.8362,Italy
45.6,8.75,Italy
41.3667,16.15,Italy
39.95,18.1667,Italy
37.6333,12.75,Italy
42.8,13.9167,Italy
46.1667,12.7167,Italy
44.8333,12.1167,Italy
40.9667,15.8167,Italy
45.9333,12.7333,Italy
39.54,8.6267,Italy
45.085,11.6006,Italy
43.9,10.8333,Italy
45.5167,11.6167,Italy
38.05,13.5333,Italy
45.0833,9.3,Italy
45.7833,8.9667,Italy
44.7,11.8,Italy
44.1691,8.3435,Italy
45.6003,12.8876,Italy
45.8463,9.3582,Italy
42.1333,12.3833,Italy
40.75,17.4167,Italy
38.1667,13.2333,Italy
45.2667,11.1333,Italy
45.6833,10.1833,Italy
40.5743,9.6963,Italy
45.7439,9.7594,Italy
40.3842,17.3547,Italy
45.6978,9.5881,Italy
45.45,11.7667,Italy
41.6833,13.5667,Italy
45.4704,10.2967,Italy
44.4035,8.6827,Italy
37.2678,13.9697,Italy
45.6178,12.565,Italy
45.3333,11.7833,Italy
40.0333,18.1333,Italy
45.4167,9.4,Italy
45.6436,12.2953,Italy
37.2833,14.0833,Italy
41.8167,12.9333,Italy
45.5333,11.4833,Italy
44.6392,8.6464,Italy
40.7333,15.7167,Italy
45.6,12.1667,Italy
37.0253,14.4925,Italy
37.9833,12.55,Italy
44.5067,10.9472,Italy
41.05,16.8333,Italy
45.6118,11.5076,Italy
44.7667,10.45,Italy
45.5167,11.7167,Italy
37.9167,15.7833,Italy
38.05,13.3833,Italy
41.2142,9.4083,Italy
45.55,8.7667,Italy
44.129,8.2598,Italy
43.55,12.1833,Italy
38.0833,13.5333,Italy
41.4833,14.05,Italy
45.5333,11.7667,Italy
45.6833,12.2833,Italy
45.5833,9.7,Italy
46.0905,13.435,Italy
39.0654,8.454,Italy
41.0893,14.4974,Italy
43.6744,10.7503,Italy
45.7333,8.6333,Italy
45.1167,10.7833,Italy
37.8167,13.3,Italy
40.7333,14.7667,Italy
44.2167,9.9667,Italy
39.9333,9.65,Italy
37.6167,15.0833,Italy
39.8167,15.8,Italy
42.3658,14.0767,Italy
39.9667,18.1,Italy
45.5,10.15,Italy
43.7617,10.8771,Italy
44.6934,10.4224,Italy
40.9167,14.8256,Italy
44.4578,11.199,Italy
36.8272,14.5239,Italy
45.5333,9.4833,Italy
44.15,12.1333,Italy
40.7911,14.6033,Italy
45.5817,10.0258,Italy
44,11.2333,Italy
45.5,8.65,Italy
44.9833,7.7333,Italy
41.65,12.9167,Italy
42.0843,13.5478,Italy
37.85,15.3,Italy
46.2833,13.1333,Italy
37.3833,14.7,Italy
45.5339,10.3078,Italy
44.7568,10.1403,Italy
45.5167,11.0167,Italy
44.8393,11.1413,Italy
45.7797,12.6086,Italy
42.1403,12.5403,Italy
44.0079,8.173,Italy
28.66,77.23,India
18.9667,72.8333,India
22.5411,88.3378,India
12.9699,77.598,India
13.0825,80.275,India
17.3667,78.4667,India
18.5196,73.8553,India
23.03,72.58,India
21.17,72.83,India
26.847,80.947,India
26.9167,75.8667,India
26.4725,80.3311,India
25.15,82.58,India
21.1539,79.0831,India
28.6667,77.4167,India
22.7206,75.8472,India
22.3,73.2,India
17.7333,83.3167,India
23.25,77.4167,India
18.6278,73.8131,India
25.61,85.1414,India
30.9083,75.8486,India
27.18,78.02,India
19.2502,73.1602,India
9.9197,78.1194,India
22.8,86.1833,India
20,73.7833,India
28.4333,77.3167,India
19.88,75.32,India
22.2969,70.7984,India
28.99,77.7,India
23.1667,79.9333,India
19.18,72.9633,India
23.7928,86.435,India
25.455,81.84,India
25.3189,83.0128,India
34.0911,74.8061,India
31.6167,74.85,India
27.88,78.08,India
19.3,73.0667,India
26.215,78.1931,India
21.2167,81.4333,India
22.59,88.31,India
23.3556,85.3347,India
16.5167,80.6167,India
30.7353,76.7911,India
12.3086,76.6531,India
21.2379,81.6337,India
25.18,75.83,India
28.7,77.2,India
28.364,79.415,India
26.2918,73.0168,India
26.15,91.77,India
11,76.9667,India
26.1667,91.7667,India
17.6833,75.9167,India
10.8269,78.6928,India
15.36,75.125,India
31.3256,75.5792,India
20.2644,85.8281,India
19.3,72.85,India
28.8418,78.7568,India
16.7,74.2333,India
8.5,76.8997,India
29.964,77.546,India
17.9756,79.6011,India
11.65,78.1667,India
20.55,74.55,India
9.9667,76.2833,India
26.7611,83.3667,India
13.9304,75.56,India
16.3,80.45,India
11.1075,77.3398,India
22.2492,84.8828,India
12.8703,74.8806,India
19.15,77.3333,India
20.45,85.8667,India
19.95,79.3,India
30.318,78.029,India
23.55,87.32,India
23.6833,86.9667,India
21.765,72.1369,India
14.4333,79.9667,India
20.9333,77.75,India
26.468,74.639,India
8.7289,77.7081,India
28.0181,73.3169,India
23.8333,91.2667,India
23.1828,75.7772,India
19.2167,73.15,India
25.4486,78.5696,India
14.4667,75.9167,India
32.7333,74.85,India
15.8667,74.5,India
17.3333,76.8333,India
22.47,70.07,India
20.9,74.7833,India
24.75,85.0167,India
21.0167,75.5667,India
15.8222,78.035,India
24.5833,73.6833,India
15.15,76.915,India
16.8667,74.5667,India
8.7833,78.1333,India
11.25,75.7667,India
20.7333,77,India
25.25,87.0167,India
8.8853,76.5864,India
27.6119,75.1397,India
13.33,77.1,India
22.8667,88.4167,India
29.4708,77.7033,India
16.9333,82.2167,India
25.35,74.6333,India
18.6704,78.1,India
22.69,88.37,India
19.2704,76.76,India
28.9,76.5667,India
18.4004,76.57,India
9.4204,77.58,India
19.0833,74.7333,India
16.9833,81.7833,India
14.4667,78.8167,India
26.12,85.3833,India
27.5667,76.6167,India
19.32,84.8,India
22.67,88.37,India
22.15,82.0167,India
27.4833,77.6833,India
30.3204,76.385,India
23.8504,78.75,India
16.8244,75.7154,India
23.73,86.85,India
27.8804,79.905,India
10.52,76.21,India
23.25,87.85,India
25.78,87.47,India
21.4704,83.9701,India
27.15,78.3949,India
29.1489,75.7367,India
17.9229,77.5175,India
28.8154,79.025,India
26.72,88.42,India
22.65,88.34,India
29.4004,76.97,India
18.4333,79.15,India
23.2504,69.81,India
16.7,74.47,India
13.65,79.42,India
15.2667,76.4,India
23.7104,92.72,India
24.16,80.83,India
22.2333,88.45,India
23.3167,75.0667,India
24.82,93.95,India
21.19,81.28,India
34.4,74.28,India
14.6833,77.6,India
26.7855,79.015,India
16.2104,77.355,India
15.5,80.05,India
27.2172,77.49,India
25.42,86.13,India
28.9958,77.0114,India
22.75,88.34,India
28.7437,77.7628,India
18.8,79.45,India
17.45,78.5,India
22.47,88.11,India
21.6425,69.6047,India
11.93,79.83,India
18.1167,83.4167,India
25.7725,73.3233,India
8.17,77.43,India
29.6804,76.97,India
10.8,79.15,India
19.8,85.8167,India
28.58,78.55,India
22.9,88.42,India
31.1033,77.1722,India
22.3302,87.3237,India
10.35,77.95,India
25,88.15,India
16.7,81.1,India
15.48,78.48,India
22.0257,88.0583,India
28.45,77.02,India
23.1115,114.4152,China
33.5,119.1331,China
34.5906,119.1801,China
25.7989,113.0267,China
25.2667,110.2833,China
29.7048,116.0021,China
30.5,117.0333,China
34.7936,114.3403,China
22.5833,113.0833,China
31.8122,119.9692,China
31.5667,120.2833,China
36.7831,118.0497,China
30.7522,120.75,China
38.9,121.6,China
37.7348,115.686,China
45.75,126.6333,China
32.3912,119.4363,China
28.7596,104.64,China
28.5833,112.3333,China
24.2998,116.1191,China
42.2663,118.9223,China
26.5794,106.7078,China
39.5196,116.7006,China
40.8108,114.8811,China
36.0812,111.5087,China
27.9991,120.6561,China
28.8918,105.4409,China
34.0244,113.8201,China
29.5872,105.0635,China
30.1256,104.6397,China
23.05,112.4667,China
30.7083,111.2803,China
23.0961,109.6092,China
24.4797,118.0819,China
32.3062,118.3115,China
27.9814,116.3577,China
27.8407,113.1469,China
27.7378,111.9974,China
31.1289,104.395,China
23.6842,113.0507,China
31.334,118.3622,China
23.0965,109.6091,China
37.3806,118.0125,China
24.3264,109.4281,China
34.3609,107.1751,China
30.4673,106.6336,China
33.0794,107.026,China
34.8667,117.55,China
41.1066,122.9895,China
36.0617,103.8318,China
40.9739,117.9322,China
35.7639,115.03,China
30.5098,105.5737,China
35.229,113.2304,China
32.9354,117.3531,China
23.901,106.6194,China
34.5809,105.7311,China
37.8733,112.5425,China
32.6351,110.7755,China
41.5757,120.4486,China
24.6928,108.085,China
29.5854,103.7575,China
38.2655,109.7388,China
43.1715,124.3644,China
22.5333,113.35,China
36.1953,113.097,China
39.9398,119.5881,China
31.8576,106.7559,China
32.2109,119.4551,China
43.8225,87.6125,China
43.6172,122.264,China
23.7503,114.6923,China
27.7233,109.1885,China
21.95,108.6167,China
38.4178,112.7233,China
30.0575,103.8381,China
41.1144,121.1292,China
42.2841,123.8365,China
24.8011,113.5927,China
22.7664,115.3331,China
35.5806,104.6263,China
26.6667,119.5167,China
46.5979,125.008,China
25.4394,119.0103,China
30.8695,120.0958,China
23.4833,111.3167,China
27.8431,112.9228,China
29.3498,104.7645,China
51.8667,45,Russia
48.9667,140.2833,Russia
51.9833,42.2667,Russia
58.3667,45.5,Russia
50.45,40.0667,Russia
58.4833,41.5167,Russia
46.85,40.3,Russia
44.7506,44.9797,Russia
50.7833,36.4833,Russia
58.3089,48.3481,Russia
56.8,44.5,Russia
57.1,41.7333,Russia
57,86.15,Russia
50.825,40.5889,Russia
56.0667,85.6167,Russia
48.6833,43.5333,Russia
56.2,89.5167,Russia
53.7333,127.25,Russia
51.4833,57.35,Russia
55.2167,75.9667,Russia
56.9833,60.4667,Russia
56.5833,104.1167,Russia
45.7167,42.9,Russia
55.422,38.2631,Russia
55.6333,109.3167,Russia
52.85,32.6833,Russia
55.8833,38.7833,Russia
54.2167,55.0333,Russia
60.7167,114.9,Russia
43.1939,45.2833,Russia
44.1053,42.9717,Russia
57.4833,60.2,Russia
58.3167,82.9167,Russia
42.9667,132.4,Russia
52.7667,87.8667,Russia
51.2833,106.5167,Russia
58.35,60.05,Russia
51.0167,45.7,Russia
55.7333,36.85,Russia
54.9089,71.2606,Russia
54.2833,85.9333,Russia
43.7667,41.9,Russia
61.0667,42.1,Russia
54.6833,20.1333,Russia
55.05,74.5833,Russia
55.8,38.1833,Russia
44.4239,39.5372,Russia
55.9,52.3167,Russia
59.7,30.7833,Russia
54.4,53.25,Russia
59.6217,30.3936,Russia
54.9333,58.1667,Russia
50.119,-5.537,United Kingdom
50.834,-0.273,United Kingdom
54.84,-1.34,United Kingdom
53.12,-2.17,United Kingdom
55.0318,-1.5557,United Kingdom
51.2803,-0.0816,United Kingdom
55.8165,-4.0262,United Kingdom
51.3752,-0.239,United Kingdom
53.4559,-2.3683,United Kingdom
56.116,-3.793,United Kingdom
53.325,-3.826,United Kingdom
55.9024,-3.6431,United Kingdom
53.7485,-1.478,United Kingdom
51.5584,0.1119,United Kingdom
51.2376,-2.9935,United Kingdom
51.825,-2.28,United Kingdom
53.4739,-2.0828,United Kingdom
53.331,-3.405,United Kingdom
53.3774,-2.9613,United Kingdom
51.643,-0.163,United Kingdom
51.401,-0.363,United Kingdom
53.2179,-3.0573,United Kingdom
50.26,-5.051,United Kingdom
53.7067,-1.69,United Kingdom
54.7173,-6.2055,United Kingdom
55.9791,-3.6105,United Kingdom
51.4135,-2.4968,United Kingdom
53.401,-3.111,United Kingdom
55.133,-1.583,United Kingdom
53.358,-1.373,United Kingdom
51.26,-2.191,United Kingdom
51.5535,0.6095,United Kingdom
51.5308,-0.2248,United Kingdom
51.438,-2.005,United Kingdom
53.067,-2.522,United Kingdom
51.701,-0.416,United Kingdom
51.422,-0.367,United Kingdom
55.8346,-4.5027,United Kingdom
50.864,-0.15,United Kingdom
50.581,-3.466,United Kingdom
52.901,-1.552,United Kingdom
51.2393,-0.1726,United Kingdom
54.9718,-1.5128,United Kingdom
53.8341,-1.6429,United Kingdom
52.7115,-2.0006,United Kingdom
53.7343,-1.6609,United Kingdom
53.5156,-2.1848,United Kingdom
51.433,-0.517,United Kingdom
53.7672,-1.7728,United Kingdom
51.733,-1.215,United Kingdom
51.48,-3.69,United Kingdom
53.432,-3.049,United Kingdom
53.8509,-1.838,United Kingdom
52.6566,-1.1262,United Kingdom
53.399,-2.276,United Kingdom
51.205,-2.181,United Kingdom
44.9794,-122.9739,United States
40.6961,-74.2286,United States
28.293,-82.6907,United States
33.938,-118.3586,United States
40.6527,-74.2599,United States
25.9385,-80.1246,United States
40.6676,-73.4706,United States
40.7601,-73.2618,United States
21.3403,-158.0665,United States
40.002,-76.8699,United States
42.3954,-83.056,United States
38.9513,-77.4116,United States
47.7921,-122.3076,United States
40.6209,-74.4386,United States
25.7786,-80.376,United States
40.6904,-73.539,United States
40.8472,-73.9967,United States
34.0493,-118.0484,United States
45.0484,-93.2472,United States
33.7933,-118.3175,United States
27.4345,-82.5794,United States
40.7431,-74.1531,United States
39.9601,-75.6058,United States
34.0123,-117.9041,United States
40.905,-74.1201,United States
40.6959,-73.6507,United States
39.1605,-84.4535,United States
38.7682,-77.1587,United States
37.8898,-122.3018,United States
34.2322,-118.2353,United States
41.89,-71.3934,United States
38.9897,-76.9808,United States
21.4936,-158.0617,United States
40.6579,-73.6742,United States
33.8654,-118.3966,United States
40.7966,-74.4772,United States
39.839,-105.0014,United States
40.7469,-73.6392,United States
41.7213,-87.7013,United States
29.704,-95.4622,United States
40.0772,-74.0702,United States
40.9579,-74.1581,United States
41.8829,-87.8762,United States
40.684,-73.7077,United States
38.9802,-76.8502,United States
40.5839,-74.272,United States
38.7878,-77.4961,United States
42.3751,-70.9847,United States
40.7031,-73.4678,United States
47.4949,-122.2411,United States
40.7005,-73.4118,United States
41.8245,-87.847,United States
40.8203,-74.1057,United States
38.8731,-77.2426,United States
38.8896,-77.2055,United States
38.9612,-76.9548,United States
40.5702,-74.317,United States
37.774,-121.5452,United States
38.7903,-77.2999,United States
38.981,-77.0028,United States
40.8859,-74.5597,United States
45.5355,-122.8006,United States
36.3232,-121.2451,United States
25.8697,-80.2174,United States
38.7625,-77.1445,United States
40.9452,-73.9923,United States
25.6331,-80.4353,United States
38.7719,-77.445,United States
40.6374,-73.7219,United States
29.6611,-95.2285,United States
40.6817,-73.4496,United States
21.5005,-158.0198,United States
40.2417,-75.2812,United States
38.7485,-77.0822,United States
25.8216,-80.2417,United States
41.5318,-81.5795,United States
33.7886,-118.0803,United States
40.7927,-74.0048,United States
41.7877,-87.8146,United States
36.6211,-119.3188,United States
41.1138,-74.1421,United States
38.5683,-121.3544,United States
40.8463,-74.0388,United States
39.921,-75.2611,United States
39.2467,-84.5796,United States
39.9408,-75.276,United States
40.7072,-73.3859,United States
39.9532,-83.1314,United States
25.6347,-80.372,United States
29.7663,-95.241,United States
33.9244,-117.9887,United States
41.7112,-88.3353,United States
